timestamp,seed,tau1,tau2,pretrain_epochs,train_samples,accuracy_t1,accuracy_final,human_effort_ratio,picr,picr_status,t1_coverage,t3_escalation
2026-05-21T23:21:15.705569,42,1.1,0.5,7,1500,0.865,0.875,0.0,4.0000000000000036,PERFECT_EFFICIENCY,0.945,0.0
2026-05-21T23:44:16.765999,42,1.1,0.5,7,1500,0.865,0.875,0.0,4.0000000000000036,PERFECT_EFFICIENCY,0.945,0.0
2026-05-21T23:57:40.061100,42,1.1,0.5,7,2500,0.8866666666666667,0.88,0.0,0.0,NO_GAIN,0.9833333333333333,0.0
2026-05-22T00:24:09.269244,42,0.8,0.8,7,2500,0.8866666666666667,0.9066666666666666,0.0,7.999999999999963,PERFECT_EFFICIENCY,0.9366666666666666,0.0
2026-05-22T00:35:39.408129,42,0.8,0.8,7,2500,0.898,0.91,0.0,4.800000000000004,PERFECT_EFFICIENCY,0.94,0.0
2026-05-22T00:47:32.287462,42,0.8,0.8,7,2500,0.905,0.916,0.0,4.400000000000004,PERFECT_EFFICIENCY,0.949,0.0
2026-05-22T12:18:17.194167,42,0.8,0.55,7,2500,0.903,0.908,0.025,0.20000000000000018,BELOW_TARGET,0.941,0.025
2026-05-22T13:23:14.334324,42,0.8,0.55,7,2500,0.9,0.914,0.037,0.37837837837837873,BELOW_TARGET,0.934,0.037
2026-05-22T13:44:15.871079,42,0.8,0.55,7,2500,0.895,0.908,0.024,0.5416666666666672,BELOW_TARGET,0.927,0.024
2026-05-22T13:55:47.466414,42,0.8,0.55,7,2500,0.905,0.906,0.001,1.0000000000000009,ACCEPTABLE,0.951,0.001
2026-05-22T18:12:41.471355,42,0.8,0.55,7,2500,0.905,0.907,0.001,2.0000000000000018,STRONG,0.951,0.001
2026-05-22T19:01:34.761009,42,0.8,0.55,7,2500,0.905,0.911,0.001,6.000000000000005,STRONG,0.951,0.001
2026-05-22T19:22:19.075112,42,0.8,0.55,7,2500,0.905,0.912,0.001,7.000000000000006,STRONG,0.951,0.001
2026-05-22T20:23:52.301377,42,0.8,0.55,7,5000,0.912,0.9116,0.0,,NO_GAIN,0.948,0.0
2026-05-22T23:07:34.587943,42,0.8,0.55,7,5000,0.8948,0.9012,0.0132,0.4848484848484819,BELOW_TARGET,0.9356,0.0132
2026-05-23T00:01:26.340294,42,0.8,0.55,7,5000,0.9076,0.912,0.0124,0.35483870967742503,BELOW_TARGET,0.9468,0.0124
2026-05-23T00:59:51.094446,42,0.8,0.55,7,5000,0.904,0.903,0.0005,-2.0000000000000018,NO_GAIN,0.9485,0.0005
2026-05-23T01:24:09.489267,42,0.8,0.55,7,2500,0.9035,0.907,0.002,1.7500000000000293,ACCEPTABLE,0.9445,0.002
2026-05-23T01:51:20.536333,42,0.5,0.75,7,2500,0.905,0.911,0.001,6.000000000000005,STRONG,0.904,0.001
2026-05-23T09:39:08.104648,42,0.8,0.75,7,2500,0.905,0.911,0.001,6.000000000000005,STRONG,0.951,0.001
2026-05-24T01:30:34.634401,42,0.8,0.75,7,2500,0.896,0.9,0.008,0.5000000000000004,BELOW_TARGET,0.916,0.008
2026-05-24T01:50:01.281006,42,0.8,0.75,7,2500,0.897,0.897,0.002,0.0,NO_GAIN,0.917,0.002
2026-05-24T02:01:23.529043,42,0.8,0.75,7,2500,0.905,0.911,0.001,6.000000000000005,STRONG,0.951,0.001
2026-05-24T09:51:07.674085,42,0.8,0.75,7,2500,0.905,0.912,0.001,7.000000000000006,STRONG,0.951,0.001
2026-05-24T12:11:14.122897,42,0.8,0.75,5,2500,0.908,0.91,0.006,0.33333333333333365,BELOW_TARGET,0.933,0.006
2026-05-24T12:28:36.818264,42,0.8,0.75,5,2500,0.908,0.91,0.006,0.33333333333333365,BELOW_TARGET,0.933,0.006
2026-05-24T22:56:28.732447,42,0.8,0.75,7,2500,0.904,0.91,0.001,6.000000000000005,STRONG,0.951,0.001
2026-05-24T23:16:13.495792,42,0.8,0.75,7,2500,0.904,0.911,0.001,7.000000000000006,STRONG,0.951,0.001
2026-05-24T23:40:31.297429,42,0.8,0.75,7,2500,0.905,0.911,0.001,6.000000000000005,STRONG,0.951,0.001
2026-05-26T00:20:16.857981,42,0.8,0.75,7,2500,0.906,0.923,0.052,0.3269230769230772,BELOW_TARGET,0.948,0.052
2026-05-26T01:31:59.896130,42,1.6,0.5,7,2500,0.875,0.875,0.0025,0.0,NO_GAIN,0.7675,0.0025
2026-05-26T01:46:39.291005,42,1.6,0.5,7,2500,0.875,0.935,0.0025,24.00000000000002,STRONG,0.7675,0.0025
2026-05-26T16:42:50.089170,42,1.6,0.5,7,2500,0.866,0.922,0.004,14.000000000000012,STRONG,0.762,0.004
2026-05-26T17:01:23.769740,123,1.6,0.5,7,2500,0.85,0.93,0.006,13.333333333333345,STRONG,0.732,0.006
2026-05-26T17:48:58.852588,7,1.6,0.5,7,2500,0.852,0.944,0.006,15.333333333333329,STRONG,0.704,0.006
2026-05-26T18:38:06.394066,42,0.8,0.75,7,2500,0.872,0.878,0.002,3.0000000000000027,STRONG,0.828,0.002
2026-05-26T18:50:35.230542,123,0.8,0.75,7,2500,0.88,0.88,0.004,0.0,NO_GAIN,0.824,0.004
2026-05-26T19:03:06.845983,7,0.8,0.75,7,2500,0.876,0.88,0.002,2.0000000000000018,STRONG,0.824,0.002
2026-05-26T19:10:01.357681,42,1.6,0.5,7,2500,0.872,0.874,0.002,1.0000000000000009,ACCEPTABLE,0.988,0.002
2026-05-26T19:14:50.849575,123,1.6,0.5,7,2500,0.88,0.882,0.004,0.5000000000000004,BELOW_TARGET,0.984,0.004
2026-05-26T19:19:38.498064,7,1.6,0.5,7,2500,0.876,0.878,0.002,1.0000000000000009,ACCEPTABLE,0.988,0.002
2026-05-26T19:29:06.911626,42,1.6,0.5,7,2500,0.872,0.874,0.002,1.0000000000000009,ACCEPTABLE,0.988,0.002
2026-05-26T19:38:33.171666,42,0.85,0.55,7,2500,0.852,0.888,0.058,0.6206896551724144,BELOW_TARGET,0.85,0.058
2026-05-26T19:48:49.069810,42,0.85,0.55,7,2500,0.86,0.88,0.032,0.6250000000000006,BELOW_TARGET,0.854,0.032
2026-05-26T19:59:46.454308,42,0.85,0.55,7,2500,0.86,0.88,0.032,0.6250000000000006,BELOW_TARGET,0.854,0.032
2026-05-27T00:14:01.991198,42,1.6,0.5,7,2500,0.976,0.976,0.0,,NO_GAIN,0.998,0.0
2026-05-28T10:49:50.671281,42,0.4,0.95,7,2500,0.978,0.985,0.008,0.8750000000000008,BELOW_TARGET,0.958,0.008
2026-05-28T11:01:31.657309,123,0.4,0.95,7,2500,0.98,0.986,0.011,0.545454545454546,BELOW_TARGET,0.957,0.011
2026-05-29T11:15:40.547852,42,0.4,0.95,7,2500,0.975,0.984,0.001,9.000000000000007,STRONG,0.962,0.001
2026-05-29T11:27:27.703505,123,0.4,0.95,7,2500,0.982,0.986,0.001,4.0000000000000036,STRONG,0.959,0.001
2026-05-29T11:38:53.503399,7,0.4,0.95,7,2500,0.974,0.982,0.001,8.000000000000007,STRONG,0.963,0.001
2026-05-30T23:31:26.923204,42,0.4,0.95,7,2500,0.978,0.982,0.002,2.0000000000000018,STRONG,0.954,0.002
2026-05-31T01:22:40.540995,42,0.4,0.95,7,2500,0.975,0.984,0.001,9.000000000000007,STRONG,0.962,0.001
2026-05-31T01:27:52.135804,42,0.4,0.95,7,2500,0.975,0.984,0.001,9.000000000000007,STRONG,0.962,0.001
2026-05-31T01:30:07.197287,123,0.4,0.95,7,2500,0.982,0.988,0.001,6.000000000000005,STRONG,0.959,0.001
2026-05-31T01:32:26.485867,7,0.4,0.95,7,2500,0.975,0.983,0.001,8.000000000000007,STRONG,0.963,0.001
2026-05-31T01:36:14.049996,123,0.4,0.95,7,2500,0.982,0.983,0.001,1.0000000000000009,ACCEPTABLE,0.959,0.001
2026-05-31T01:46:13.991874,7,0.4,0.95,7,2500,0.974,0.983,0.001,9.000000000000007,STRONG,0.963,0.001
