timestamp,seed,tau1,tau2,pretrain_epochs,train_samples,accuracy_t1,accuracy_final,f1_macro,ece_final,human_effort_ratio,picr,picr_status,t1_coverage,t3_escalation
2026-05-21T23:21:15.705569,42,1.1,0.5,7,1500,0.865,0.875,,,0.0,4.0000000000000036,PERFECT_EFFICIENCY,0.945,0.0
2026-05-21T23:44:16.765999,42,1.1,0.5,7,1500,0.865,0.875,,,0.0,4.0000000000000036,PERFECT_EFFICIENCY,0.945,0.0
2026-05-21T23:57:40.061100,42,1.1,0.5,7,2500,0.8866666666666667,0.88,,,0.0,0.0,NO_GAIN,0.9833333333333333,0.0
2026-05-22T00:24:09.269244,42,0.8,0.8,7,2500,0.8866666666666667,0.9066666666666666,,,0.0,7.999999999999963,PERFECT_EFFICIENCY,0.9366666666666666,0.0
2026-05-22T00:35:39.408129,42,0.8,0.8,7,2500,0.898,0.91,,,0.0,4.800000000000004,PERFECT_EFFICIENCY,0.94,0.0
2026-05-22T00:47:32.287462,42,0.8,0.8,7,2500,0.905,0.916,,,0.0,4.400000000000004,PERFECT_EFFICIENCY,0.949,0.0
2026-05-22T12:18:17.194167,42,0.8,0.55,7,2500,0.903,0.908,,,0.025,0.20000000000000018,BELOW_TARGET,0.941,0.025
2026-05-22T13:23:14.334324,42,0.8,0.55,7,2500,0.9,0.914,,,0.037,0.37837837837837873,BELOW_TARGET,0.934,0.037
2026-05-22T13:44:15.871079,42,0.8,0.55,7,2500,0.895,0.908,,,0.024,0.5416666666666672,BELOW_TARGET,0.927,0.024
2026-05-22T13:55:47.466414,42,0.8,0.55,7,2500,0.905,0.906,,,0.001,1.0000000000000009,ACCEPTABLE,0.951,0.001
2026-05-22T18:12:41.471355,42,0.8,0.55,7,2500,0.905,0.907,,,0.001,2.0000000000000018,STRONG,0.951,0.001
2026-05-22T19:01:34.761009,42,0.8,0.55,7,2500,0.905,0.911,,,0.001,6.000000000000005,STRONG,0.951,0.001
2026-05-22T19:22:19.075112,42,0.8,0.55,7,2500,0.905,0.912,,,0.001,7.000000000000006,STRONG,0.951,0.001
2026-05-22T20:23:52.301377,42,0.8,0.55,7,5000,0.912,0.9116,,,0.0,,NO_GAIN,0.948,0.0
2026-05-22T23:07:34.587943,42,0.8,0.55,7,5000,0.8948,0.9012,,,0.0132,0.4848484848484819,BELOW_TARGET,0.9356,0.0132
2026-05-23T00:01:26.340294,42,0.8,0.55,7,5000,0.9076,0.912,,,0.0124,0.35483870967742503,BELOW_TARGET,0.9468,0.0124
2026-05-23T00:59:51.094446,42,0.8,0.55,7,5000,0.904,0.903,,,0.0005,-2.0000000000000018,NO_GAIN,0.9485,0.0005
2026-05-23T01:24:09.489267,42,0.8,0.55,7,2500,0.9035,0.907,,,0.002,1.7500000000000293,ACCEPTABLE,0.9445,0.002
2026-05-23T01:51:20.536333,42,0.5,0.75,7,2500,0.905,0.911,,,0.001,6.000000000000005,STRONG,0.904,0.001
2026-05-23T09:39:08.104648,42,0.8,0.75,7,2500,0.905,0.911,,,0.001,6.000000000000005,STRONG,0.951,0.001
2026-05-24T01:30:34.634401,42,0.8,0.75,7,2500,0.896,0.9,,,0.008,0.5000000000000004,BELOW_TARGET,0.916,0.008
2026-05-24T01:50:01.281006,42,0.8,0.75,7,2500,0.897,0.897,,,0.002,0.0,NO_GAIN,0.917,0.002
2026-05-24T02:01:23.529043,42,0.8,0.75,7,2500,0.905,0.911,,,0.001,6.000000000000005,STRONG,0.951,0.001
2026-05-24T09:51:07.674085,42,0.8,0.75,7,2500,0.905,0.912,,,0.001,7.000000000000006,STRONG,0.951,0.001
2026-05-24T12:11:14.122897,42,0.8,0.75,5,2500,0.908,0.91,,,0.006,0.33333333333333365,BELOW_TARGET,0.933,0.006
2026-05-24T12:28:36.818264,42,0.8,0.75,5,2500,0.908,0.91,,,0.006,0.33333333333333365,BELOW_TARGET,0.933,0.006
2026-05-24T22:56:28.732447,42,0.8,0.75,7,2500,0.904,0.91,,,0.001,6.000000000000005,STRONG,0.951,0.001
2026-05-24T23:16:13.495792,42,0.8,0.75,7,2500,0.904,0.911,,,0.001,7.000000000000006,STRONG,0.951,0.001
2026-05-24T23:40:31.297429,42,0.8,0.75,7,2500,0.905,0.911,,,0.001,6.000000000000005,STRONG,0.951,0.001
2026-05-26T00:20:16.857981,42,0.8,0.75,7,2500,0.906,0.923,,,0.052,0.3269230769230772,BELOW_TARGET,0.948,0.052
2026-05-26T01:31:59.896130,42,1.6,0.5,7,2500,0.875,0.875,,,0.0025,0.0,NO_GAIN,0.7675,0.0025
2026-05-26T01:46:39.291005,42,1.6,0.5,7,2500,0.875,0.935,,,0.0025,24.00000000000002,STRONG,0.7675,0.0025
2026-05-26T16:42:50.089170,42,1.6,0.5,7,2500,0.866,0.922,,,0.004,14.000000000000012,STRONG,0.762,0.004
2026-05-26T17:01:23.769740,123,1.6,0.5,7,2500,0.85,0.93,,,0.006,13.333333333333345,STRONG,0.732,0.006
2026-05-26T17:48:58.852588,7,1.6,0.5,7,2500,0.852,0.944,,,0.006,15.333333333333329,STRONG,0.704,0.006
2026-05-26T18:38:06.394066,42,0.8,0.75,7,2500,0.872,0.878,,,0.002,3.0000000000000027,STRONG,0.828,0.002
2026-05-26T18:50:35.230542,123,0.8,0.75,7,2500,0.88,0.88,,,0.004,0.0,NO_GAIN,0.824,0.004
2026-05-26T19:03:06.845983,7,0.8,0.75,7,2500,0.876,0.88,,,0.002,2.0000000000000018,STRONG,0.824,0.002
2026-05-26T19:10:01.357681,42,1.6,0.5,7,2500,0.872,0.874,,,0.002,1.0000000000000009,ACCEPTABLE,0.988,0.002
2026-05-26T19:14:50.849575,123,1.6,0.5,7,2500,0.88,0.882,,,0.004,0.5000000000000004,BELOW_TARGET,0.984,0.004
2026-05-26T19:19:38.498064,7,1.6,0.5,7,2500,0.876,0.878,,,0.002,1.0000000000000009,ACCEPTABLE,0.988,0.002
2026-05-26T19:29:06.911626,42,1.6,0.5,7,2500,0.872,0.874,,,0.002,1.0000000000000009,ACCEPTABLE,0.988,0.002
2026-05-26T19:38:33.171666,42,0.85,0.55,7,2500,0.852,0.888,,,0.058,0.6206896551724144,BELOW_TARGET,0.85,0.058
2026-05-26T19:48:49.069810,42,0.85,0.55,7,2500,0.86,0.88,,,0.032,0.6250000000000006,BELOW_TARGET,0.854,0.032
2026-05-26T19:59:46.454308,42,0.85,0.55,7,2500,0.86,0.88,,,0.032,0.6250000000000006,BELOW_TARGET,0.854,0.032
2026-05-26T22:55:05.979060,42,0.65,0.7,7,2500,0.874,0.868,,,0.0,,NO_GAIN,0.808,0.0
2026-05-26T23:11:31.259243,42,0.65,0.7,7,2500,0.874,0.868,,,0.0,,NO_GAIN,0.808,0.0
2026-05-26T23:25:16.962032,123,0.65,0.7,7,2500,0.88,0.87,,,0.002,-5.000000000000004,NO_GAIN,0.794,0.002
2026-05-26T23:38:47.300675,7,0.65,0.7,7,2500,0.878,0.876,,,0.0,,NO_GAIN,0.796,0.0
2026-05-26T23:48:41.298535,42,1.6,0.5,7,2500,0.874,0.874,,,0.0,,NO_GAIN,0.99,0.0
2026-05-26T23:53:32.927451,123,1.6,0.5,7,2500,0.88,0.882,,,0.002,1.0000000000000009,ACCEPTABLE,0.984,0.002
2026-05-26T23:58:18.831712,7,1.6,0.5,7,2500,0.878,0.878,,,0.0,,NO_GAIN,0.99,0.0
2026-05-27T17:20:12.563291,42,1.0,0.75,7,2500,0.872,0.89,,,0.002,9.000000000000007,STRONG,0.85,0.002
2026-05-27T17:31:00.336786,123,1.0,0.75,7,2500,0.88,0.894,,,0.004,3.500000000000003,STRONG,0.854,0.004
2026-05-27T17:41:26.997124,7,1.0,0.75,7,2500,0.876,0.892,,,0.002,8.000000000000007,STRONG,0.862,0.002
2026-05-30T20:52:47.740908,42,1.0,0.75,7,2500,0.872,0.888,,,0.002,8.000000000000007,STRONG,0.85,0.002
2026-08-10T15:36:56.635935,42,1.0,0.75,7,2500,0.87,0.862,0.8625409456493368,0.0842189475417136,0.0,,NO_GAIN,0.88,0.0
2026-08-10T15:38:36.129236,123,1.0,0.75,7,2500,0.896,0.876,0.8743894670662096,0.06958037865161894,0.0,,NO_GAIN,0.886,0.0
2026-08-10T15:40:15.887751,7,1.0,0.75,7,2500,0.884,0.874,0.8743970534002348,0.06872343231439577,0.0,,NO_GAIN,0.876,0.0
2026-08-10T16:35:01.767310,42,1.3,0.85,7,2500,0.874,0.85,0.8492096610303131,0.10425747002363205,0.0,,NO_GAIN,0.814,0.0
2026-08-10T16:36:39.647899,123,1.3,0.85,7,2500,0.896,0.864,0.8615650813511093,0.08179065120220173,0.0,,NO_GAIN,0.816,0.0
2026-08-10T16:38:17.675073,7,1.3,0.85,7,2500,0.884,0.864,0.8641861817448958,0.08175692352056502,0.0,,NO_GAIN,0.804,0.0
2026-08-10T16:40:48.260788,42,1.55,0.9,7,2500,0.87,0.846,0.8453289445625412,0.1059992296814918,0.0,,NO_GAIN,0.756,0.0
2026-08-10T16:42:27.701213,123,1.55,0.9,7,2500,0.896,0.864,0.8615650813511093,0.08179065120220173,0.0,,NO_GAIN,0.762,0.0
2026-08-10T16:44:06.972949,7,1.55,0.9,7,2500,0.884,0.864,0.8641861817448958,0.08175692352056502,0.0,,NO_GAIN,0.73,0.0
2026-08-10T16:47:24.278748,42,1.0,0.75,7,2500,0.87,0.862,0.862003214351113,0.08736266802549357,0.0,,NO_GAIN,0.868,0.0
2026-08-10T16:49:01.939772,123,1.0,0.75,7,2500,0.896,0.876,0.8743894670662096,0.06958037865161894,0.0,,NO_GAIN,0.886,0.0
2026-08-10T16:50:39.435289,7,1.0,0.75,7,2500,0.884,0.874,0.8743970534002348,0.06872343231439577,0.0,,NO_GAIN,0.876,0.0
2026-08-11T13:43:09.363893,42,1.0,0.75,7,2500,0.874,0.892,0.8932290538176946,0.07230003763675695,0.0,,AUTONOMOUS,0.878,0.0
2026-08-11T14:12:21.392787,42,1.0,0.75,7,2500,0.87,0.888,0.889859563683358,0.07757360896348953,0.0,,AUTONOMOUS,0.88,0.0
2026-08-11T14:17:00.927763,123,1.0,0.75,7,2500,0.896,0.892,0.8907286023868354,0.06780413942813875,0.0,,NO_GAIN,0.886,0.0
2026-08-11T14:25:28.389302,7,1.0,0.75,7,2500,0.884,0.886,0.8863520134673666,0.06914021576881407,0.0,,AUTONOMOUS,0.876,0.0
2026-08-11T19:04:30.546776,42,1.0,0.75,7,2500,0.87,0.888,0.889859563683358,0.07757360896348953,0.0,,AUTONOMOUS,0.88,0.0
2026-08-11T19:06:10.148363,123,1.0,0.75,7,2500,0.896,0.892,0.8907286023868354,0.06780413942813875,0.0,,NO_GAIN,0.886,0.0
2026-08-11T19:07:47.840231,7,1.0,0.75,7,2500,0.884,0.886,0.8863520134673666,0.06914021576881407,0.0,,AUTONOMOUS,0.876,0.0
2026-08-12T14:01:40.473031,42,0.9,0.75,7,2500,0.868,0.89,0.8912638824538992,0.07644096137046823,0.006,3.6666666666666696,STRONG,0.858,0.006
2026-08-12T14:04:40.088419,123,0.9,0.75,7,2500,0.894,0.892,0.8898649966260166,0.07211882284164436,0.006,-0.33333333333333365,NO_GAIN,0.882,0.006
2026-08-12T14:08:14.910078,7,0.9,0.75,7,2500,0.88,0.892,0.8920730149533825,0.06395000305891045,0.014,0.8571428571428579,BELOW_TARGET,0.872,0.014
2026-08-12T14:16:46.886008,99,0.9,0.75,7,2500,0.864,0.868,0.6952131581589638,0.08343231433868414,0.02,0.20000000000000018,BELOW_TARGET,0.836,0.02
2026-08-12T14:23:55.352530,2024,0.9,0.75,7,2500,0.868,0.896,0.8957733918365727,0.0789827807950974,0.014,2.0000000000000018,STRONG,0.858,0.014
2026-08-12T20:17:40.660810,42,0.9,0.75,7,2500,0.868,0.89,0.8912638824538992,0.07614096137046818,0.006,3.6666666666666696,STRONG,0.858,0.006
2026-08-12T20:19:21.261393,123,0.9,0.75,7,2500,0.894,0.892,0.8898649966260166,0.07181882284164427,0.006,-0.33333333333333365,NO_GAIN,0.882,0.006
2026-08-12T20:20:58.647293,7,0.9,0.75,7,2500,0.88,0.892,0.8920730149533825,0.06325000305891045,0.014,0.8571428571428579,BELOW_TARGET,0.872,0.014
2026-08-12T20:22:40.525881,99,0.9,0.75,7,2500,0.864,0.868,0.6952131581589638,0.08243231433868412,0.02,0.20000000000000018,BELOW_TARGET,0.836,0.02
2026-08-12T20:24:16.174454,2024,0.9,0.75,7,2500,0.868,0.896,0.8957733918365727,0.0782827807950973,0.014,2.0000000000000018,STRONG,0.858,0.014
2026-08-13T09:54:30.851862,42,0.9,0.75,7,2500,0.88,0.89,0.8907464924257184,0.08113812254905706,0.014,0.7142857142857149,BELOW_TARGET,0.906,0.014
2026-08-13T09:58:02.690315,123,0.9,0.75,7,2500,0.884,0.896,0.8944069692942157,0.07477031129360197,0.006,2.0000000000000018,STRONG,0.89,0.006
2026-08-13T10:01:26.459226,7,0.9,0.75,7,2500,0.886,0.886,0.8864543926019336,0.08715879850864419,0.004,0.0,NO_GAIN,0.866,0.004
2026-08-13T10:07:22.135326,99,0.9,0.75,7,2500,0.84,0.86,0.6863763765654128,0.1127950313282012,0.02,1.0000000000000009,ACCEPTABLE,0.838,0.02
2026-08-13T10:14:02.386937,2024,0.9,0.75,7,2500,0.804,0.846,0.6797574298196107,0.1178856937742234,0.016,2.6249999999999956,STRONG,0.806,0.016
2026-08-13T13:40:33.358348,42,0.9,0.75,7,2500,0.878,0.892,0.8928644322761482,0.07897042439460768,0.002,7.000000000000006,STRONG,0.878,0.002
2026-08-13T13:43:17.267727,123,0.9,0.75,7,2500,0.878,0.89,0.887640411117259,0.06873737072706226,0.006,2.0000000000000018,STRONG,0.856,0.006
2026-08-13T13:49:06.517368,7,0.9,0.75,7,2500,0.852,0.88,0.8808872766589877,0.07421250017642976,0.0,,AUTONOMOUS,0.796,0.0
2026-08-13T13:52:56.013439,99,0.9,0.75,7,2500,0.808,0.844,0.8436094337167747,0.11556526511669164,0.004,8.99999999999998,STRONG,0.812,0.004
2026-08-13T13:57:15.292834,2024,0.9,0.75,7,2500,0.86,0.878,0.8782252481598887,0.08030964085578926,0.004,4.5000000000000036,STRONG,0.842,0.004
